"districts","1","2","3","4","5","6","7","8","V10"
"Allan Hancock Joint Community College District","Allan Hancock College","","","","","","","",""
"Antelope Valley Community College District","Antelope Valley College","","","","","","","",""
"Barstow Community College District","Barstow College","","","","","","","",""
"Butte-Glenn Community College District","Butte College","","","","","","","",""
"Cabrillo Community College District","Cabrillo College","","","","","","","",""
"Cerritos Community College District","Cerritos College","","","","","","","",""
"Chabot-Las Positas Community College District","Chabot College","Las Positas College","","","","","","",""
"Chaffey Community College District","Chaffey College","","","","","","","",""
"Citrus Community College District","Citrus College","","","","","","","",""
"Coast Community College District","Coastline Community College","Golden West College","Orange Coast College","","","","","",""
"Compton Community College District","Compton Community Education Center","","","","","","","",""
"Contra Costa Community College District","Contra Costa College","Diablo Valley College","Los Medanos College","","","","","",""
"Copper Mountain Community College District","Copper Mountain College","","","","","","","",""
"Desert Community College District","College of the Desert","","","","","","","",""
"El Camino Community College District","El Camino College","","","","","","","",""
"Feather River Community College District","Feather River College","","","","","","","",""
"Foothill-DeAnza Community College District","De Anza College","Foothill College","","","","","","",""
"Gavilan Community College District","Gavilan College","","","","","","","",""
"Glendale Community College District","Glendale Community College","","","","","","","",""
"Grossmont-Cuyamaca Community College District","Cuyamaca College","Grossmont College","","","","","","",""
"Hartnell Community College District","Hartnell College","","","","","","","",""
"Imperial Community College District","Imperial Valley College","","","","","","","",""
"Kern Community College District","Bakersfield College","Cerro Coso Community College","Porterville College","","","","","",""
"Lake Tahoe Community College District","Lake Tahoe Community College","","","","","","","",""
"Lassen Community College District","Lassen College","","","","","","","",""
"Long Beach Community College District","Long Beach City College","","","","","","","",""
"Los Angeles Community College District","East LA College","LA City College","LA Harbor College","LA Mission College","LA Pierce College","LA Southwest College","LA Trade-Tech College","LA Valley College","West LA College"
"Los Rios Community College District","American River College","Consumnes River College","Folsom Lake College","Sacramento City College","","","","",""
"Marin Community College District","College of Marin","","","","","","","",""
"Mendocino-Lake Community College District","Mendocino College","","","","","","","",""
"Merced Community College District","Merced College","","","","","","","",""
"MiraCosta Community College District","MiraCosta College","","","","","","","",""
"Monterey Peninsula Community College District","Monterey Peninsula College","","","","","","","",""
"Mt. San Antonio Community College District","Mt. San Antonio College","","","","","","","",""
"Mt. San Jacinto Community College District","Mt. San Jacinto College","","","","","","","",""
"Napa Valley Community College District","Napa Valley College","","","","","","","",""
"North Orange County Community College District","Cypress College","Fullerton College","","","","","","",""
"Ohlone Community College District","Ohlone College","","","","","","","",""
"Palo Verde Community College District","Palo Verde College","","","","","","","",""
"Palomar Community College District","Palomar College","","","","","","","",""
"Pasadena Area Community College District","Pasadena City College","","","","","","","",""
"Peralta Community College District","College of Alameda","Berkeley City College","Laney College","Merritt College","","","","",""
"Rancho Santiago Community College District","Santa Ana College","Santiago Canyon College","","","","","","",""
"Redwoods Community College District","College of the Redwoods","","","","","","","",""
"Rio Hondo Community College District","Rio Hondo College","","","","","","","",""
"Riverside Community College District","Riverside Community College ","Moreno Valley College","Norco Colleg","","","","","",""
"San Bernardino Community College District","Crafton Hills College","San Bernardino Valley College","","","","","","",""
"San Diego Community College District","San Diego City College","San Diego Mesa College","San Diego Miramar College","","","","","",""
"San Francisco Community College District","City College of San Francisco","","","","","","","",""
"San Joaquin Delta Community College District","San Joaquin Delta College","","","","","","","",""
"San Jose-Evergreen Community College District","Evergreen Valley College","San Jose City College","","","","","","",""
"San Luis Obispo County Community College District","Cuesta College","","","","","","","",""
"San Mateo County Community College District","Canada College","College of San Mateo","Skyline College","","","","","",""
"Santa Barbara Community College District","Santa Barbara City College","","","","","","","",""
"Santa Clarita Community College District","College of the Canyons","","","","","","","",""
"Santa Monica Community College District","Santa Monica College","","","","","","","",""
"Sequoias Community College District","College of the Sequoias","","","","","","","",""
"Shasta-Tehama-Trinity Joint Community College District","Shasta College","","","","","","","",""
"Sierra Joint Community College District","Sierra College","","","","","","","",""
"Siskiyou Joint Community College District","College of the Siskiyous","","","","","","","",""
"Solano County Community College District","Solano Community College","","","","","","","",""
"Sonoma County junior College District","Santa Rosa Junior College","","","","","","","",""
"South Orange County Community College District","Irvine Valley College","Saddleback College","","","","","","",""
"Southwestern Community College District","Southwestern College","","","","","","","",""
"State Center Community College District","Fresno City College","Reedley College","","","","","","",""
"Ventura County Community College District","Moorpark College","Oxnard College","Ventura College","","","","","",""
"Victor Valley Community College District","Victor Valley College","","","","","","","",""
"West Hills Community College District","West Hills College Coalinga","West Hills College Lemoore","","","","","","",""
"West Kern Community College District","Taft College","","","","","","","",""
"West Valley-Mission Community College District","Mission College","West Valley College","","","","","","",""
"Yosemite Community College District","Columbia College","Modesto Junior College","","","","","","",""
"Yuba Community College District","Woodland Community College","Yuba College","","","","","","",""
